Date,005930,373220,000660,207940,051910,006400,005935,005380,000270,035420
2022-01-27,71300,505000.0,113500,703667.0,610000.0,594000,65600,186500,79100,303000.0
2022-01-28,73300,450000.0,120500,730351.0,639000.0,584000,66300,189500,82000,310000.0
2022-02-03,73300,477000.0,124000,762965.0,677000.0,584000,67300,191500,81500,320500.0
2022-02-04,74000,504000.0,124500,760000.0,678000.0,587000,67600,190000,80700,327500.0
2022-02-07,73000,548000.0,123000,754070.0,639000.0,568000,67100,186500,78200,327000.0
2022-02-08,73500,542000.0,125000,790637.0,617000.0,556000,67000,184500,78900,322000.0
2022-02-09,74700,511000.0,126000,763953.0,610000.0,566000,67600,185000,80300,326000.0
2022-02-10,75400,474500.0,129500,766918.0,661000.0,569000,69000,185500,79700,331500.0
2022-02-11,74900,482000.0,132000,745176.0,633000.0,547000,68900,183000,79000,327500.0
2022-02-14,73700,463000.0,132500,754070.0,619000.0,526000,67100,176500,77000,322000.0
2022-02-15,73700,451500.0,127000,731339.0,622000.0,530000,66500,180500,77600,318500.0
2022-02-16,74800,455500.0,130500,748140.0,653000.0,540000,67500,182000,79500,324500.0
2022-02-17,75000,454500.0,133000,751105.0,640000.0,557000,67900,183500,79500,324500.0
2022-02-18,74300,454500.0,131500,748140.0,629000.0,555000,67400,183500,78700,318000.0
2022-02-21,74200,453000.0,130000,758023.0,616000.0,553000,67200,185000,78900,318000.0
2022-02-22,73400,440000.0,128500,765930.0,590000.0,541000,66900,181500,77700,313000.0
2022-02-23,73000,442000.0,128500,760000.0,589000.0,549000,66700,180500,78000,309000.0
2022-02-24,71500,416500.0,122500,751105.0,549000.0,516000,65300,173000,73400,302500.0
2022-02-25,71900,420000.0,123000,760000.0,554000.0,539000,66100,174000,73800,314500.0
2022-02-28,72100,412000.0,123500,779000.0,565000.0,548000,66100,175000,73800,318000.0
2022-03-02,71700,434000.0,125000,768000.0,555000.0,547000,65500,170500,72100,317000.0
2022-03-03,72900,437000.0,129000,787000.0,558000.0,551000,66100,177500,73800,325500.0
2022-03-04,71500,428500.0,124500,775000.0,535000.0,528000,65500,172500,73100,317500.0
2022-03-07,70100,414000.0,119500,764000.0,514000.0,511000,63400,168000,71100,307000.0
2022-03-08,69500,410500.0,118000,769000.0,503000.0,497000,63200,168000,69600,304500.0
2022-03-10,71200,417500.0,120000,793000.0,496500.0,503000,63500,169000,70700,330500.0
2022-03-11,70000,391000.0,117000,787000.0,472000.0,481000,63300,169000,70000,329000.0
2022-03-14,70200,363500.0,116000,799000.0,457000.0,491000,63100,164500,68800,329000.0
2022-03-15,69500,359500.0,112500,811000.0,439000.0,487000,63000,163000,69200,327500.0
2022-03-16,70400,363500.0,116500,826000.0,442000.0,498000,63400,168000,72100,330500.0
2022-03-17,71200,376000.0,124000,815000.0,470000.0,508000,64500,168500,72400,344500.0
2022-03-18,70700,382000.0,124000,828000.0,488500.0,504000,64100,171000,72000,344500.0
2022-03-21,69900,386000.0,122000,829000.0,490000.0,504000,63900,168500,70500,339000.0
2022-03-22,70300,397500.0,123500,836000.0,492000.0,509000,63600,173500,71300,339500.0
2022-03-23,70500,407000.0,123500,835000.0,508000.0,520000,63900,176000,71800,345500.0
2022-03-24,69800,408000.0,120500,824000.0,531000.0,531000,63800,176000,72100,340000.0
2022-03-25,69800,439000.0,118000,819000.0,526000.0,541000,63900,174000,71600,333000.0
2022-03-28,69700,436500.0,118000,823000.0,523000.0,533000,63900,174500,71400,331500.0
2022-03-29,70200,441000.0,120000,828000.0,523000.0,542000,64300,176500,71800,334000.0
2022-03-30,69900,440500.0,121000,844000.0,525000.0,561000,63500,181000,73700,339000.0
2022-03-31,69600,442000.0,118000,827000.0,532000.0,596000,63000,180500,74000,340500.0
2022-04-01,69100,428000.0,116000,820000.0,523000.0,587000,63000,178000,74200,335500.0
2022-04-04,69300,438500.0,117000,816000.0,526000.0,585000,62700,178000,73700,338000.0
2022-04-05,69200,449000.0,116500,813000.0,540000.0,600000,62600,179000,73800,342500.0
2022-04-06,68500,444500.0,113000,813000.0,530000.0,598000,62200,180000,76400,330000.0
2022-04-07,68000,436500.0,113500,810000.0,518000.0,583000,62000,178500,75900,321000.0
2022-04-08,67800,439500.0,112000,809000.0,525000.0,601000,62000,176500,74900,316500.0
2022-04-11,67900,425000.0,111500,801000.0,510000.0,585000,61900,179500,77500,313000.0
2022-04-12,67000,411000.0,111000,790000.0,505000.0,577000,60500,178000,76800,308500.0
2022-04-13,68700,431000.0,113000,808000.0,518000.0,599000,61500,181000,77900,310500.0
2022-04-14,67500,441000.0,110000,839000.0,514000.0,620000,60700,177500,76800,313000.0
2022-04-15,66600,435000.0,108000,835000.0,505000.0,613000,59900,177000,76700,308500.0
2022-04-18,66700,433000.0,109000,832000.0,500000.0,601000,60300,178500,78200,306500.0
2022-04-19,67300,435500.0,112500,825000.0,503000.0,610000,61000,181000,78100,312000.0
2022-04-20,67400,436500.0,112500,805000.0,505000.0,607000,60300,183000,80100,315500.0
2022-04-21,67700,437000.0,113000,806000.0,503000.0,610000,60600,183000,79900,309500.0
2022-04-22,67000,436500.0,110500,801000.0,486000.0,596000,60400,180000,79800,300000.0
2022-04-25,66300,433000.0,108000,793000.0,486000.0,578000,59500,182000,79600,288500.0
2022-04-26,66100,423500.0,111000,804000.0,475000.0,581000,59200,187000,83500,287000.0
2022-04-27,65000,418000.0,108500,810000.0,463000.0,590000,58000,187000,83300,280500.0
2022-04-28,64800,417500.0,109500,835000.0,502000.0,598000,58000,188500,83700,280500.0
2022-04-29,67400,417000.0,112500,838000.0,519000.0,611000,59300,186000,83800,286500.0
2022-05-02,67300,408500.0,110500,838000.0,526000.0,611000,59600,187000,84400,281000.0
2022-05-03,67500,407500.0,110000,832000.0,517000.0,624000,60000,183500,83500,282000.0
2022-05-04,67900,401500.0,109500,815000.0,518000.0,612000,60600,184000,83500,282000.0
2022-05-06,66500,401500.0,107500,794000.0,520000.0,617000,59400,182500,83900,272000.0
2022-05-09,66100,394000.0,107500,798000.0,504000.0,591000,59100,181500,82600,275000.0
2022-05-10,65700,393500.0,110000,798000.0,501000.0,593000,58400,180500,84100,276000.0
2022-05-11,65700,391500.0,110500,793000.0,520000.0,584000,58200,183000,86100,279000.0
2022-05-12,64900,388000.0,109000,788000.0,485500.0,564000,57500,180500,86300,270000.0
2022-05-13,66500,400500.0,112500,785000.0,510000.0,589000,58200,186500,86300,274500.0
2022-05-16,66300,400500.0,110500,770000.0,507000.0,587000,58800,184000,85200,273500.0
2022-05-17,67600,408500.0,112500,766000.0,505000.0,591000,59900,185500,85200,275500.0
2022-05-18,68100,410000.0,113500,793000.0,512000.0,603000,60600,185500,84500,276500.0
2022-05-19,67500,415500.0,111000,796000.0,502000.0,591000,60100,182000,82100,271500.0
2022-05-20,68000,434000.0,112500,808000.0,545000.0,605000,60700,186500,83900,275000.0
2022-05-23,67900,438000.0,113000,819000.0,543000.0,611000,60100,188000,84200,277500.0
2022-05-24,66500,438500.0,108500,808000.0,539000.0,585000,59200,185000,83300,266000.0
2022-05-25,66400,426500.0,108000,831000.0,534000.0,588000,59800,183500,82600,266000.0
2022-05-26,65900,430500.0,103000,840000.0,534000.0,582000,59800,184000,82400,266000.0
2022-05-27,66500,430500.0,106000,834000.0,550000.0,590000,60100,185500,82900,270000.0
2022-05-30,67700,439500.0,107000,843000.0,557000.0,581000,60900,187500,83600,281000.0
2022-05-31,67400,444000.0,108000,847000.0,585000.0,575000,60700,189500,85700,288000.0
2022-06-02,66700,440500.0,107000,843000.0,570000.0,569000,60200,187500,85000,290000.0
2022-06-03,66800,437500.0,107000,852000.0,585000.0,569000,60200,187000,83500,287500.0
2022-06-07,65500,432000.0,104000,822000.0,556000.0,536000,59500,183500,83000,278000.0
2022-06-08,65300,425500.0,106000,828000.0,581000.0,547000,59100,183000,81800,278000.0
2022-06-09,65200,422500.0,105500,811000.0,589000.0,556000,59500,182500,82200,273000.0
2022-06-10,63800,425000.0,103500,811000.0,583000.0,560000,58500,184500,82400,270000.0
2022-06-13,62100,415000.0,99000,786000.0,562000.0,549000,57500,175000,79200,254000.0
2022-06-14,61900,426500.0,99100,784000.0,564000.0,531000,57200,171500,78000,253000.0
2022-06-15,60700,420000.0,97900,790000.0,561000.0,528000,55800,174000,78100,244500.0
2022-06-16,60900,427000.0,97400,807000.0,584000.0,549000,57500,173000,77200,240000.0
2022-06-17,59800,425500.0,96400,832000.0,578000.0,556000,55300,170000,76100,237500.0
2022-06-20,58700,411500.0,94500,822000.0,572000.0,559000,53600,170500,75500,234000.0
2022-06-21,58500,413000.0,95200,821000.0,568000.0,572000,53300,172500,77300,239500.0
2022-06-22,57600,401000.0,92200,817000.0,553000.0,537000,53000,171500,76400,229000.0
2022-06-23,57400,400000.0,90200,820000.0,551000.0,533000,52100,171000,77200,234000.0
2022-06-24,58400,405000.0,91600,831000.0,543000.0,550000,53400,173000,77500,247500.0
2022-06-27,58800,412000.0,95000,806000.0,545000.0,569000,54500,183000,80900,249000.0
2022-06-28,59400,410500.0,95300,815000.0,570000.0,581000,54700,186000,81900,252500.0
2022-06-29,58000,391500.0,94000,801000.0,530000.0,570000,53400,175500,76900,246500.0
2022-06-30,57000,371000.0,91000,790000.0,516000.0,532000,52000,180500,77300,240000.0
2022-07-01,56200,356500.0,87500,781000.0,509000.0,512000,51500,180000,78000,237000.0
2022-07-04,57100,356000.0,89100,791000.0,500000.0,506000,52000,178000,78500,235000.0
2022-07-05,57200,361500.0,92500,805000.0,512000.0,536000,52200,177500,78400,243000.0
2022-07-06,56400,370500.0,92100,800000.0,506000.0,522000,51900,172500,75400,243500.0
2022-07-07,58200,373500.0,93900,817000.0,524000.0,541000,53500,175000,75700,245000.0
2022-07-08,58700,388000.0,94800,819000.0,540000.0,537000,53900,178000,76800,249000.0
2022-07-11,58800,395000.0,93700,829000.0,522000.0,527000,54200,179000,78000,240500.0
2022-07-12,58100,401000.0,93300,834000.0,514000.0,528000,52900,179000,78700,233500.0
2022-07-13,58000,400000.0,94000,832000.0,517000.0,528000,52600,183500,79800,237500.0
2022-07-14,57500,399500.0,94000,825000.0,530000.0,541000,53500,182500,78800,233500.0
2022-07-15,60000,400000.0,98700,817000.0,512000.0,548000,54700,183500,79100,231000.0
2022-07-18,61900,393000.0,101000,810000.0,515000.0,546000,57000,185500,80100,246500.0
2022-07-19,60900,383000.0,100000,819000.0,521000.0,545000,56300,188500,82100,243500.0
2022-07-20,60500,384000.0,102000,823000.0,540000.0,559000,56200,189000,81600,246000.0
2022-07-21,61800,390500.0,102500,817000.0,569000.0,567000,56700,189000,82000,250500.0
2022-07-22,61300,382000.0,100000,829000.0,561000.0,568000,56200,191000,80900,250000.0
2022-07-25,61100,391000.0,100000,829000.0,556000.0,558000,55800,196000,82300,248000.0
2022-07-26,61700,394000.0,100500,828000.0,567000.0,563000,55700,196000,82500,245000.0
2022-07-27,61800,393500.0,100000,841000.0,565000.0,556000,56100,196000,80800,246000.0
2022-07-28,61900,415500.0,99400,863000.0,598000.0,578000,57000,195000,80500,247000.0
2022-07-29,61400,422000.0,97900,865000.0,603000.0,569000,57000,196000,81200,259000.0
2022-08-01,61300,419500.0,97100,878000.0,613000.0,583000,56400,196000,80400,259000.0
2022-08-02,61700,417000.0,96500,866000.0,610000.0,572000,56400,196500,81200,259000.0
2022-08-03,61300,437000.0,97500,871000.0,614000.0,586000,56300,197000,81300,269000.0
2022-08-04,61500,443000.0,97500,875000.0,609000.0,589000,56400,196500,81300,273500.0
2022-08-05,61500,446000.0,98500,895000.0,642000.0,598000,56500,194500,80500,267000.0
2022-08-08,60800,447000.0,96300,900000.0,652000.0,597000,55500,196000,81400,258500.0
2022-08-09,60000,457500.0,95100,902000.0,671000.0,615000,55400,193500,81500,265000.0
2022-08-10,59100,458000.0,91800,892000.0,648000.0,612000,54500,192500,80700,262000.0
2022-08-11,59900,472000.0,93300,904000.0,658000.0,619000,54600,193000,80800,267500.0
2022-08-12,60200,460500.0,93300,910000.0,665000.0,623000,55100,196000,82400,265500.0
2022-08-16,61000,460500.0,96700,905000.0,662000.0,632000,56000,197500,82000,259500.0
2022-08-17,60400,453500.0,97100,871000.0,658000.0,629000,55900,190000,78700,258000.0
2022-08-18,61500,452000.0,95700,875000.0,651000.0,624000,56400,186000,76700,250000.0
2022-08-19,60900,447000.0,96400,868000.0,640000.0,618000,55800,190000,77200,248000.0
2022-08-22,60000,442500.0,95200,851000.0,639000.0,600000,54700,189000,77400,245500.0
2022-08-23,59100,445000.0,93600,829000.0,620000.0,587000,54500,189000,77400,241000.0
2022-08-24,59000,451000.0,93200,828000.0,614000.0,591000,54200,188000,76600,241500.0
2022-08-25,59700,459000.0,94100,845000.0,616000.0,587000,54600,192000,79100,244500.0
2022-08-26,60000,465500.0,95100,847000.0,616000.0,586000,55100,193500,78900,242000.0
2022-08-29,58600,459500.0,92500,829000.0,604000.0,576000,54500,188500,77500,234000.0
2022-08-30,58800,465500.0,93200,836000.0,611000.0,578000,54700,195500,80100,238000.0
2022-08-31,59700,462500.0,95200,835000.0,632000.0,598000,54500,196000,80800,240000.0
2022-09-01,58400,463000.0,92400,826000.0,623000.0,575000,53700,195500,80200,236000.0
2022-09-02,57500,482000.0,91700,838000.0,610000.0,576000,53100,196500,80800,234000.0
2022-09-05,57100,483000.0,91100,815000.0,616000.0,566000,52300,200000,81000,236000.0
2022-09-06,57100,483500.0,91800,816000.0,619000.0,560000,52200,201000,81400,235000.0
2022-09-07,56000,488000.0,90400,811000.0,623000.0,554000,52000,202000,82300,231500.0
2022-09-08,55600,486500.0,90400,810000.0,644000.0,571000,52000,200000,80900,231500.0
2022-09-13,58100,497000.0,94800,841000.0,665000.0,602000,53700,200500,81300,238500.0
2022-09-14,56800,498500.0,93000,828000.0,663000.0,614000,52400,198500,80300,230000.0
2022-09-15,56000,511000.0,92000,807000.0,658000.0,615000,51800,198000,80000,225500.0
2022-09-16,56200,506000.0,91200,802000.0,635000.0,602000,51500,201000,81100,220000.0
2022-09-19,56400,477500.0,90000,809000.0,635000.0,608000,51600,201500,80800,218000.0
2022-09-20,55800,483500.0,88000,800000.0,630000.0,634000,51000,198500,80400,218000.0
2022-09-21,55300,479500.0,88000,786000.0,625000.0,619000,50300,197000,79700,213000.0
2022-09-22,54400,488500.0,86000,785000.0,626000.0,629000,49850,193500,79200,206500.0
2022-09-23,54500,460500.0,83500,770000.0,604000.0,610000,49700,190500,77600,210500.0
2022-09-26,53900,446500.0,82500,758000.0,571000.0,597000,48500,182500,74800,204500.0
2022-09-27,54200,444000.0,82000,754000.0,569000.0,587000,48500,186000,76500,204500.0
2022-09-28,52900,433500.0,81200,767000.0,546000.0,564000,47300,179500,73900,200500.0
2022-09-29,52600,440000.0,80800,813000.0,547000.0,566000,47400,181500,74500,196500.0
2022-09-30,53100,426500.0,83100,807000.0,536000.0,546000,46900,176500,71900,193500.0
2022-10-04,55200,444500.0,86200,811000.0,555000.0,556000,49300,179500,72800,176500.0
2022-10-05,56000,469000.0,89800,807000.0,560000.0,569000,51000,177000,71100,164000.0
2022-10-06,56300,478000.0,89900,812000.0,583000.0,585000,50600,178000,71500,167000.0
2022-10-07,56200,482500.0,91200,811000.0,589000.0,591000,51100,175500,71000,160000.0
2022-10-11,55400,497500.0,90200,802000.0,597000.0,600000,50200,168000,67400,158500.0
2022-10-12,55800,483000.0,94000,820000.0,591000.0,610000,50500,168000,68200,162000.0
2022-10-13,55200,477000.0,94900,807000.0,575000.0,596000,50400,164500,68300,158500.0
2022-10-14,56300,483000.0,95500,806000.0,573000.0,603000,51400,167000,69000,165500.0
2022-10-17,56600,491500.0,95200,830000.0,575000.0,605000,51700,167000,68700,167000.0
2022-10-18,56500,489000.0,95800,845000.0,611000.0,605000,51900,168000,69100,172500.0
2022-10-19,55800,497500.0,92900,847000.0,593000.0,606000,51700,168000,69000,168500.0
2022-10-20,55500,495000.0,90200,835000.0,569000.0,589000,52000,168500,68400,168500.0
2022-10-21,55900,499000.0,90500,847000.0,568000.0,627000,52000,167000,67900,166000.0
2022-10-24,57500,509000.0,91800,873000.0,575000.0,650000,52500,161500,65300,164000.0
2022-10-25,57700,511000.0,93500,884000.0,552000.0,655000,53100,162500,66300,165500.0
2022-10-26,59400,529000.0,93900,896000.0,562000.0,677000,53600,160500,65500,159500.0
2022-10-27,59500,540000.0,90000,873000.0,599000.0,727000,53400,162000,66000,161000.0
2022-10-28,57300,532000.0,83400,876000.0,615000.0,727000,51500,164000,66200,160000.0
2022-10-31,59400,528000.0,82700,877000.0,626000.0,737000,53300,164500,66300,169500.0
2022-11-01,60000,563000.0,83900,882000.0,695000.0,760000,53900,164500,66300,170500.0
2022-11-02,59600,569000.0,84500,873000.0,672000.0,725000,54100,165000,66200,174000.0
2022-11-03,59200,589000.0,82700,870000.0,683000.0,739000,53000,162000,64500,169000.0
2022-11-04,59400,592000.0,84500,871000.0,690000.0,733000,53300,163000,65300,174000.0
2022-11-07,60200,587000.0,86500,883000.0,704000.0,740000,54100,169500,67100,169000.0
2022-11-08,61800,588000.0,87700,900000.0,691000.0,730000,55700,170000,67500,177500.0
2022-11-09,62000,599000.0,89200,895000.0,715000.0,738000,56500,169500,67400,180000.0
2022-11-10,60400,605000.0,89100,907000.0,695000.0,725000,55500,169500,66600,176000.0
2022-11-11,62900,624000.0,93500,900000.0,737000.0,747000,57100,172000,68000,193500.0
2022-11-14,61900,604000.0,90900,901000.0,726000.0,759000,56700,176000,69900,188500.0
2022-11-15,62400,596000.0,91600,906000.0,710000.0,718000,57400,174500,68500,192000.0
2022-11-16,62700,600000.0,91500,880000.0,707000.0,722000,58000,172000,67800,189500.0
2022-11-17,61400,597000.0,87700,875000.0,700000.0,700000,57200,170000,66300,188000.0
2022-11-18,61800,598000.0,88400,882000.0,704000.0,701000,57100,169500,66000,185500.0
2022-11-21,61400,573000.0,86300,888000.0,682000.0,694000,56400,168000,65200,182500.0
2022-11-22,60600,571000.0,85200,888000.0,687000.0,680000,55300,165500,65200,180500.0
2022-11-23,61000,561000.0,85200,888000.0,701000.0,701000,55900,166000,66300,181500.0
2022-11-24,61400,568000.0,86900,896000.0,728000.0,720000,56200,167500,65900,188000.0
2022-11-25,61000,571000.0,85100,903000.0,721000.0,725000,55600,166000,65400,185000.0
2022-11-28,60100,562000.0,83100,885000.0,719000.0,727000,55000,167500,65400,180500.0
2022-11-29,60600,567000.0,83700,885000.0,715000.0,718000,55000,169000,67300,182500.0
2022-11-30,62200,587000.0,85000,887000.0,740000.0,729000,55900,169000,68600,187000.0
2022-12-01,62600,585000.0,84700,884000.0,722000.0,726000,56200,171500,68600,187500.0
2022-12-02,60400,584000.0,81900,870000.0,711000.0,718000,55600,169000,66500,185500.0
2022-12-05,60300,562000.0,81000,833000.0,696000.0,697000,54600,165500,65600,191500.0
2022-12-06,59200,559000.0,81000,838000.0,686000.0,706000,54000,164500,65100,185500.0
2022-12-07,58900,563000.0,78900,831000.0,679000.0,708000,53600,163000,65000,183500.0
2022-12-08,59200,531000.0,78800,827000.0,670000.0,693000,53200,162000,64700,185500.0
2022-12-09,60400,515000.0,81500,827000.0,627000.0,645000,54700,162500,65200,195000.0
2022-12-12,59500,502000.0,81100,815000.0,628000.0,650000,54300,163500,65100,193000.0
2022-12-13,59700,496500.0,82300,820000.0,623000.0,643000,53900,159500,62500,193000.0
2022-12-14,60500,498500.0,81800,837000.0,646000.0,667000,54500,163500,64100,193500.0
2022-12-15,59300,486000.0,80200,823000.0,643000.0,665000,54000,162000,64100,182500.0
2022-12-16,59500,485500.0,78400,835000.0,645000.0,667000,53800,162500,64100,180500.0
2022-12-19,59500,482000.0,79000,821000.0,633000.0,647000,53900,159000,62400,183500.0
2022-12-20,58600,487500.0,78300,820000.0,631000.0,645000,53600,157000,62400,180500.0
2022-12-21,58000,477000.0,78000,818000.0,620000.0,634000,53100,156000,62000,180000.0
2022-12-22,59100,471500.0,79200,824000.0,626000.0,637000,53600,158500,63500,184500.0
2022-12-23,58100,455500.0,77800,806000.0,610000.0,622000,52500,157000,62700,178000.0
2022-12-26,57900,457500.0,77000,822000.0,618000.0,624000,52200,158000,63700,178500.0
2022-12-27,58100,457000.0,77000,828000.0,628000.0,624000,52500,158000,64100,181000.0
2022-12-28,56600,436500.0,76000,830000.0,602000.0,603000,51300,154000,60900,180000.0
2022-12-29,55300,435500.0,75000,821000.0,600000.0,591000,50500,151000,59300,177500.0
2023-01-02,55500,446000.0,75700,827000.0,604000.0,602000,50800,157000,61500,179500.0
2023-01-03,55400,440500.0,75600,803000.0,601000.0,605000,50500,159000,62400,178500.0
2023-01-04,57800,443000.0,81000,794000.0,601000.0,603000,52100,160500,62000,182500.0
2023-01-05,58200,433500.0,81400,808000.0,581000.0,583000,53600,159000,61100,186000.0
2023-01-06,59000,444000.0,83100,808000.0,594000.0,586000,53700,159500,61500,185000.0
2023-01-09,60700,464000.0,86000,812000.0,624000.0,600000,54800,164000,64100,196500.0
2023-01-10,60400,473500.0,86500,799000.0,629000.0,612000,55000,163000,63900,193000.0
2023-01-11,60500,474500.0,87300,803000.0,634000.0,624000,54700,164000,64200,195000.0
2023-01-12,60500,478000.0,86800,811000.0,637000.0,629000,54900,166500,63900,194000.0
2023-01-13,60800,478000.0,85700,811000.0,644000.0,631000,55000,169000,65300,195000.0
2023-01-16,61100,480500.0,85800,807000.0,638000.0,624000,55300,166500,64600,200500.0
2023-01-17,61000,458000.0,86000,793000.0,619000.0,616000,55100,166000,65000,193500.0
2023-01-18,60400,458000.0,85100,793000.0,613000.0,613000,54800,164500,64700,195500.0
2023-01-19,61500,456000.0,85500,801000.0,621000.0,610000,55500,164000,64300,196000.0
2023-01-20,61800,469500.0,87600,800000.0,625000.0,619000,55900,164500,64300,196000.0
2023-01-25,63400,484000.0,91400,798000.0,652000.0,649000,56800,165700,65000,202000.0
2023-01-26,63900,517000.0,92300,795000.0,685000.0,672000,57600,174900,69300,204000.0
2023-01-27,64600,506000.0,91500,809000.0,685000.0,687000,58200,173900,68700,211500.0
2023-01-30,63300,510000.0,90700,803000.0,683000.0,687000,57300,170000,68600,207000.0
2023-01-31,61000,521000.0,88500,793000.0,690000.0,685000,55000,167000,66800,202500.0
2023-02-01,61800,522000.0,91400,804000.0,688000.0,720000,56100,170000,69500,205500.0
2023-02-02,63500,533000.0,93400,812000.0,676000.0,716000,56800,169900,69700,211500.0
2023-02-03,63800,535000.0,92200,811000.0,674000.0,714000,57100,172800,71200,223500.0
2023-02-06,61600,525000.0,89100,807000.0,658000.0,701000,55400,170700,70500,215500.0
2023-02-07,61900,542000.0,90800,813000.0,681000.0,711000,55500,170500,71300,219500.0
2023-02-08,63100,546000.0,94900,816000.0,672000.0,730000,57000,172700,71500,230500.0
2023-02-09,63000,550000.0,94400,814000.0,680000.0,738000,56800,172600,71700,230000.0
2023-02-10,62800,542000.0,93500,808000.0,673000.0,735000,56400,173400,72400,230000.0
2023-02-13,62900,522000.0,90600,807000.0,670000.0,723000,56100,171600,73200,223000.0
2023-02-14,63200,525000.0,93400,805000.0,676000.0,739000,56500,173700,73500,224000.0
2023-02-15,62200,527000.0,91700,794000.0,674000.0,726000,55800,172700,72600,215500.0
2023-02-16,63700,549000.0,92900,809000.0,717000.0,734000,56500,179300,76500,220500.0
2023-02-17,62600,533000.0,92000,799000.0,689000.0,703000,55800,179000,76400,215500.0
2023-02-20,62700,516000.0,92500,805000.0,667000.0,692000,55900,178200,76300,219000.0
2023-02-21,62100,520000.0,91200,800000.0,687000.0,692000,55300,178200,76600,215500.0
2023-02-22,61100,508000.0,89100,788000.0,666000.0,684000,54800,174200,74500,211500.0
2023-02-23,62000,507000.0,92700,789000.0,668000.0,681000,55100,176200,76400,213500.0
2023-02-24,61300,511000.0,91000,783000.0,669000.0,680000,54500,173900,75300,208000.0
2023-02-27,60500,508000.0,90000,770000.0,657000.0,678000,53600,173300,76000,208000.0
2023-02-28,60600,523000.0,89400,773000.0,680000.0,696000,53400,176300,75300,208500.0
2023-03-02,60800,535000.0,88100,772000.0,678000.0,710000,53900,178500,77800,206000.0
2023-03-03,60500,538000.0,87300,788000.0,703000.0,731000,53700,176100,78200,205500.0
2023-03-06,61500,547000.0,89700,801000.0,726000.0,781000,54700,177500,78500,214500.0
2023-03-07,60700,566000.0,88900,794000.0,740000.0,793000,54100,175100,77600,211000.0
2023-03-08,60300,562000.0,86800,777000.0,715000.0,754000,54100,174900,78900,202500.0
2023-03-09,60100,549000.0,85600,771000.0,710000.0,732000,53500,176300,78100,202000.0
2023-03-10,59500,551000.0,83300,776000.0,707000.0,737000,53200,175000,78000,199800.0
2023-03-13,60000,563000.0,84300,778000.0,718000.0,738000,53100,176000,78800,202500.0
2023-03-14,59000,548000.0,81100,772000.0,705000.0,725000,52000,171000,76300,196000.0
2023-03-15,59800,565000.0,79100,778000.0,721000.0,734000,52300,174300,79600,196400.0
2023-03-16,59900,576000.0,79000,790000.0,730000.0,739000,52000,174000,79100,197100.0
2023-03-17,61300,553000.0,84000,808000.0,702000.0,721000,53600,176600,80200,198000.0
2023-03-20,60200,544000.0,83700,812000.0,683000.0,715000,52500,175100,78000,201500.0
2023-03-21,60300,546000.0,83600,809000.0,677000.0,717000,52300,175800,77700,200500.0
2023-03-22,61100,573000.0,86900,810000.0,703000.0,732000,52600,180300,78900,207000.0
2023-03-23,62300,575000.0,88500,798000.0,712000.0,746000,52700,180500,78400,204000.0
2023-03-24,63000,569000.0,87300,797000.0,690000.0,719000,52800,177700,77600,202500.0
2023-03-27,62100,574000.0,85500,797000.0,698000.0,723000,52400,176100,76000,199300.0
2023-03-28,62900,577000.0,88400,797000.0,704000.0,722000,53000,177100,76900,199500.0
2023-03-29,62700,583000.0,86900,791000.0,705000.0,735000,53300,180400,79500,199100.0
2023-03-30,63200,588000.0,88800,782000.0,696000.0,721000,53400,181200,79400,201000.0
2023-03-31,64000,584000.0,88600,788000.0,712000.0,735000,53900,184500,81000,202000.0
2023-04-03,63100,586000.0,87200,778000.0,712000.0,745000,53800,183600,81200,198200.0
2023-04-04,63600,575000.0,84500,788000.0,722000.0,726000,53700,183800,80100,201000.0
2023-04-05,63900,588000.0,84600,788000.0,732000.0,778000,53800,186700,81300,199200.0
2023-04-06,62300,580000.0,83800,805000.0,716000.0,745000,53100,185100,81000,191900.0
2023-04-07,65000,580000.0,89100,796000.0,714000.0,738000,54800,185100,80100,193400.0
2023-04-10,65700,596000.0,90700,803000.0,750000.0,749000,55800,185900,81000,193000.0
2023-04-11,65900,610000.0,91800,812000.0,806000.0,767000,55300,192100,85000,199900.0
2023-04-12,66000,590000.0,90300,800000.0,775000.0,764000,55600,198200,86100,198000.0
2023-04-13,66100,599000.0,88700,815000.0,802000.0,769000,55000,198900,86600,196400.0
2023-04-14,65100,594000.0,89300,817000.0,802000.0,762000,55200,196100,85300,199000.0
2023-04-17,65300,591000.0,88500,812000.0,805000.0,755000,55700,195000,84500,197000.0
2023-04-18,65600,592000.0,87600,793000.0,825000.0,766000,55700,191400,82700,192800.0
2023-04-19,65500,582000.0,88200,788000.0,790000.0,758000,55500,193600,85400,191400.0
2023-04-20,65300,580000.0,87700,785000.0,800000.0,749000,54800,192500,84100,191600.0
2023-04-21,65700,572000.0,89100,785000.0,771000.0,734000,55700,190400,83300,190300.0
2023-04-24,65200,566000.0,87200,797000.0,767000.0,726000,55200,191900,84700,190000.0
2023-04-25,63600,551000.0,85500,786000.0,742000.0,706000,53700,201000,86600,186100.0
2023-04-26,64100,567000.0,87400,783000.0,727000.0,703000,53800,201500,85700,188100.0
2023-04-27,64600,587000.0,88800,778000.0,741000.0,706000,55100,202000,86600,188200.0
2023-04-28,65500,581000.0,89500,781000.0,740000.0,691000,55700,197500,84500,192300.0
2023-05-02,65700,591000.0,90200,767000.0,746000.0,700000,55700,201500,86900,193200.0
2023-05-03,65400,567000.0,89800,775000.0,726000.0,684000,55300,201000,86500,192600.0
2023-05-04,65100,564000.0,88700,797000.0,731000.0,684000,54600,199200,85900,196100.0
2023-05-08,65900,558000.0,88700,788000.0,726000.0,684000,55700,202500,87100,207000.0
2023-05-09,65300,563000.0,87300,788000.0,722000.0,680000,55600,205000,87600,211000.0
2023-05-10,64600,566000.0,86900,780000.0,709000.0,672000,55700,210000,90000,210000.0
2023-05-11,64200,553000.0,86300,783000.0,691000.0,670000,55400,208000,90100,211000.0
2023-05-12,64100,547000.0,87200,781000.0,688000.0,665000,54800,208500,89400,213500.0
2023-05-15,64500,545000.0,86400,789000.0,691000.0,674000,54400,208000,90000,212000.0
2023-05-16,65400,540000.0,90400,790000.0,695000.0,671000,55400,202500,87300,207500.0
2023-05-17,65000,560000.0,91900,787000.0,709000.0,691000,55500,204500,88100,213000.0
